DateID,Date,Year,Month,Day,Quarter,WeekOfYear,DayOfWeek,DayName,MonthName,IsWeekend,IsMonthStart,IsMonthEnd,IsQuarterStart,IsQuarterEnd,IsYearStart,IsYearEnd
1,2013-06-09,2013,6,9,2,23,7,Sunday,June,1,0,0,0,0,0,0
2,2013-06-10,2013,6,10,2,24,1,Monday,June,0,0,0,0,0,0,0
3,2013-06-11,2013,6,11,2,24,2,Tuesday,June,0,0,0,0,0,0,0
4,2013-06-12,2013,6,12,2,24,3,Wednesday,June,0,0,0,0,0,0,0
5,2013-06-13,2013,6,13,2,24,4,Thursday,June,0,0,0,0,0,0,0
6,2013-06-14,2013,6,14,2,24,5,Friday,June,0,0,0,0,0,0,0
7,2013-06-15,2013,6,15,2,24,6,Saturday,June,1,0,0,0,0,0,0
8,2013-06-16,2013,6,16,2,24,7,Sunday,June,1,0,0,0,0,0,0
9,2013-06-17,2013,6,17,2,25,1,Monday,June,0,0,0,0,0,0,0
10,2013-06-18,2013,6,18,2,25,2,Tuesday,June,0,0,0,0,0,0,0
11,2013-06-19,2013,6,19,2,25,3,Wednesday,June,0,0,0,0,0,0,0
12,2013-06-20,2013,6,20,2,25,4,Thursday,June,0,0,0,0,0,0,0
13,2013-06-21,2013,6,21,2,25,5,Friday,June,0,0,0,0,0,0,0
14,2013-06-22,2013,6,22,2,25,6,Saturday,June,1,0,0,0,0,0,0
15,2013-06-23,2013,6,23,2,25,7,Sunday,June,1,0,0,0,0,0,0
16,2013-06-24,2013,6,24,2,26,1,Monday,June,0,0,0,0,0,0,0
17,2013-06-25,2013,6,25,2,26,2,Tuesday,June,0,0,0,0,0,0,0
18,2013-06-26,2013,6,26,2,26,3,Wednesday,June,0,0,0,0,0,0,0
19,2013-06-27,2013,6,27,2,26,4,Thursday,June,0,0,0,0,0,0,0
20,2013-06-28,2013,6,28,2,26,5,Friday,June,0,0,0,0,0,0,0
21,2013-06-29,2013,6,29,2,26,6,Saturday,June,1,0,0,0,0,0,0
22,2013-06-30,2013,6,30,2,26,7,Sunday,June,1,0,1,0,1,0,0
23,2013-07-01,2013,7,1,3,27,1,Monday,July,0,1,0,1,0,0,0
24,2013-07-02,2013,7,2,3,27,2,Tuesday,July,0,0,0,0,0,0,0
25,2013-07-03,2013,7,3,3,27,3,Wednesday,July,0,0,0,0,0,0,0
26,2013-07-04,2013,7,4,3,27,4,Thursday,July,0,0,0,0,0,0,0
27,2013-07-05,2013,7,5,3,27,5,Friday,July,0,0,0,0,0,0,0
28,2013-07-06,2013,7,6,3,27,6,Saturday,July,1,0,0,0,0,0,0
29,2013-07-07,2013,7,7,3,27,7,Sunday,July,1,0,0,0,0,0,0
30,2013-07-08,2013,7,8,3,28,1,Monday,July,0,0,0,0,0,0,0
31,2013-07-09,2013,7,9,3,28,2,Tuesday,July,0,0,0,0,0,0,0
32,2013-07-10,2013,7,10,3,28,3,Wednesday,July,0,0,0,0,0,0,0
33,2013-07-11,2013,7,11,3,28,4,Thursday,July,0,0,0,0,0,0,0
34,2013-07-12,2013,7,12,3,28,5,Friday,July,0,0,0,0,0,0,0
35,2013-07-13,2013,7,13,3,28,6,Saturday,July,1,0,0,0,0,0,0
36,2013-07-14,2013,7,14,3,28,7,Sunday,July,1,0,0,0,0,0,0
37,2013-07-15,2013,7,15,3,29,1,Monday,July,0,0,0,0,0,0,0
38,2013-07-16,2013,7,16,3,29,2,Tuesday,July,0,0,0,0,0,0,0
39,2013-07-17,2013,7,17,3,29,3,Wednesday,July,0,0,0,0,0,0,0
40,2013-07-18,2013,7,18,3,29,4,Thursday,July,0,0,0,0,0,0,0
41,2013-07-19,2013,7,19,3,29,5,Friday,July,0,0,0,0,0,0,0
42,2013-07-20,2013,7,20,3,29,6,Saturday,July,1,0,0,0,0,0,0
43,2013-07-21,2013,7,21,3,29,7,Sunday,July,1,0,0,0,0,0,0
44,2013-07-22,2013,7,22,3,30,1,Monday,July,0,0,0,0,0,0,0
45,2013-07-23,2013,7,23,3,30,2,Tuesday,July,0,0,0,0,0,0,0
46,2013-07-24,2013,7,24,3,30,3,Wednesday,July,0,0,0,0,0,0,0
47,2013-07-25,2013,7,25,3,30,4,Thursday,July,0,0,0,0,0,0,0
48,2013-07-26,2013,7,26,3,30,5,Friday,July,0,0,0,0,0,0,0
49,2013-07-27,2013,7,27,3,30,6,Saturday,July,1,0,0,0,0,0,0
50,2013-07-28,2013,7,28,3,30,7,Sunday,July,1,0,0,0,0,0,0
51,2013-07-29,2013,7,29,3,31,1,Monday,July,0,0,0,0,0,0,0
52,2013-07-30,2013,7,30,3,31,2,Tuesday,July,0,0,0,0,0,0,0
53,2013-07-31,2013,7,31,3,31,3,Wednesday,July,0,0,1,0,0,0,0
54,2013-08-01,2013,8,1,3,31,4,Thursday,August,0,1,0,0,0,0,0
55,2013-08-02,2013,8,2,3,31,5,Friday,August,0,0,0,0,0,0,0
56,2013-08-03,2013,8,3,3,31,6,Saturday,August,1,0,0,0,0,0,0
57,2013-08-04,2013,8,4,3,31,7,Sunday,August,1,0,0,0,0,0,0
58,2013-08-05,2013,8,5,3,32,1,Monday,August,0,0,0,0,0,0,0
59,2013-08-06,2013,8,6,3,32,2,Tuesday,August,0,0,0,0,0,0,0
60,2013-08-07,2013,8,7,3,32,3,Wednesday,August,0,0,0,0,0,0,0
61,2013-08-08,2013,8,8,3,32,4,Thursday,August,0,0,0,0,0,0,0
62,2013-08-09,2013,8,9,3,32,5,Friday,August,0,0,0,0,0,0,0
63,2013-08-10,2013,8,10,3,32,6,Saturday,August,1,0,0,0,0,0,0
64,2013-08-11,2013,8,11,3,32,7,Sunday,August,1,0,0,0,0,0,0
65,2013-08-12,2013,8,12,3,33,1,Monday,August,0,0,0,0,0,0,0
66,2013-08-13,2013,8,13,3,33,2,Tuesday,August,0,0,0,0,0,0,0
67,2013-08-14,2013,8,14,3,33,3,Wednesday,August,0,0,0,0,0,0,0
68,2013-08-15,2013,8,15,3,33,4,Thursday,August,0,0,0,0,0,0,0
69,2013-08-16,2013,8,16,3,33,5,Friday,August,0,0,0,0,0,0,0
70,2013-08-17,2013,8,17,3,33,6,Saturday,August,1,0,0,0,0,0,0
71,2013-08-18,2013,8,18,3,33,7,Sunday,August,1,0,0,0,0,0,0
72,2013-08-19,2013,8,19,3,34,1,Monday,August,0,0,0,0,0,0,0
73,2013-08-20,2013,8,20,3,34,2,Tuesday,August,0,0,0,0,0,0,0
74,2013-08-21,2013,8,21,3,34,3,Wednesday,August,0,0,0,0,0,0,0
75,2013-08-22,2013,8,22,3,34,4,Thursday,August,0,0,0,0,0,0,0
76,2013-08-23,2013,8,23,3,34,5,Friday,August,0,0,0,0,0,0,0
77,2013-08-24,2013,8,24,3,34,6,Saturday,August,1,0,0,0,0,0,0
78,2013-08-25,2013,8,25,3,34,7,Sunday,August,1,0,0,0,0,0,0
79,2013-08-26,2013,8,26,3,35,1,Monday,August,0,0,0,0,0,0,0
80,2013-08-27,2013,8,27,3,35,2,Tuesday,August,0,0,0,0,0,0,0
81,2013-08-28,2013,8,28,3,35,3,Wednesday,August,0,0,0,0,0,0,0
82,2013-08-29,2013,8,29,3,35,4,Thursday,August,0,0,0,0,0,0,0
83,2013-08-30,2013,8,30,3,35,5,Friday,August,0,0,0,0,0,0,0
84,2013-08-31,2013,8,31,3,35,6,Saturday,August,1,0,1,0,0,0,0
85,2013-09-01,2013,9,1,3,35,7,Sunday,September,1,1,0,0,0,0,0
86,2013-09-02,2013,9,2,3,36,1,Monday,September,0,0,0,0,0,0,0
87,2013-09-03,2013,9,3,3,36,2,Tuesday,September,0,0,0,0,0,0,0
88,2013-09-04,2013,9,4,3,36,3,Wednesday,September,0,0,0,0,0,0,0
89,2013-09-05,2013,9,5,3,36,4,Thursday,September,0,0,0,0,0,0,0
90,2013-09-06,2013,9,6,3,36,5,Friday,September,0,0,0,0,0,0,0
91,2013-09-07,2013,9,7,3,36,6,Saturday,September,1,0,0,0,0,0,0
92,2013-09-08,2013,9,8,3,36,7,Sunday,September,1,0,0,0,0,0,0
93,2013-09-09,2013,9,9,3,37,1,Monday,September,0,0,0,0,0,0,0
94,2013-09-10,2013,9,10,3,37,2,Tuesday,September,0,0,0,0,0,0,0
95,2013-09-11,2013,9,11,3,37,3,Wednesday,September,0,0,0,0,0,0,0
96,2013-09-12,2013,9,12,3,37,4,Thursday,September,0,0,0,0,0,0,0
97,2013-09-13,2013,9,13,3,37,5,Friday,September,0,0,0,0,0,0,0
98,2013-09-14,2013,9,14,3,37,6,Saturday,September,1,0,0,0,0,0,0
99,2013-09-15,2013,9,15,3,37,7,Sunday,September,1,0,0,0,0,0,0
100,2013-09-16,2013,9,16,3,38,1,Monday,September,0,0,0,0,0,0,0
101,2013-09-17,2013,9,17,3,38,2,Tuesday,September,0,0,0,0,0,0,0
102,2013-09-18,2013,9,18,3,38,3,Wednesday,September,0,0,0,0,0,0,0
103,2013-09-19,2013,9,19,3,38,4,Thursday,September,0,0,0,0,0,0,0
104,2013-09-20,2013,9,20,3,38,5,Friday,September,0,0,0,0,0,0,0
105,2013-09-21,2013,9,21,3,38,6,Saturday,September,1,0,0,0,0,0,0
106,2013-09-22,2013,9,22,3,38,7,Sunday,September,1,0,0,0,0,0,0
107,2013-09-23,2013,9,23,3,39,1,Monday,September,0,0,0,0,0,0,0
108,2013-09-24,2013,9,24,3,39,2,Tuesday,September,0,0,0,0,0,0,0
109,2013-09-25,2013,9,25,3,39,3,Wednesday,September,0,0,0,0,0,0,0
110,2013-09-26,2013,9,26,3,39,4,Thursday,September,0,0,0,0,0,0,0
111,2013-09-27,2013,9,27,3,39,5,Friday,September,0,0,0,0,0,0,0
112,2013-09-28,2013,9,28,3,39,6,Saturday,September,1,0,0,0,0,0,0
113,2013-09-29,2013,9,29,3,39,7,Sunday,September,1,0,0,0,0,0,0
114,2013-09-30,2013,9,30,3,40,1,Monday,September,0,0,1,0,1,0,0
115,2013-10-01,2013,10,1,4,40,2,Tuesday,October,0,1,0,1,0,0,0
116,2013-10-02,2013,10,2,4,40,3,Wednesday,October,0,0,0,0,0,0,0
117,2013-10-03,2013,10,3,4,40,4,Thursday,October,0,0,0,0,0,0,0
118,2013-10-04,2013,10,4,4,40,5,Friday,October,0,0,0,0,0,0,0
119,2013-10-05,2013,10,5,4,40,6,Saturday,October,1,0,0,0,0,0,0
120,2013-10-06,2013,10,6,4,40,7,Sunday,October,1,0,0,0,0,0,0
121,2013-10-07,2013,10,7,4,41,1,Monday,October,0,0,0,0,0,0,0
122,2013-10-08,2013,10,8,4,41,2,Tuesday,October,0,0,0,0,0,0,0
123,2013-10-09,2013,10,9,4,41,3,Wednesday,October,0,0,0,0,0,0,0
124,2013-10-10,2013,10,10,4,41,4,Thursday,October,0,0,0,0,0,0,0
125,2013-10-11,2013,10,11,4,41,5,Friday,October,0,0,0,0,0,0,0
126,2013-10-12,2013,10,12,4,41,6,Saturday,October,1,0,0,0,0,0,0
127,2013-10-13,2013,10,13,4,41,7,Sunday,October,1,0,0,0,0,0,0
128,2013-10-14,2013,10,14,4,42,1,Monday,October,0,0,0,0,0,0,0
129,2013-10-15,2013,10,15,4,42,2,Tuesday,October,0,0,0,0,0,0,0
130,2013-10-16,2013,10,16,4,42,3,Wednesday,October,0,0,0,0,0,0,0
131,2013-10-17,2013,10,17,4,42,4,Thursday,October,0,0,0,0,0,0,0
132,2013-10-18,2013,10,18,4,42,5,Friday,October,0,0,0,0,0,0,0
133,2013-10-19,2013,10,19,4,42,6,Saturday,October,1,0,0,0,0,0,0
134,2013-10-20,2013,10,20,4,42,7,Sunday,October,1,0,0,0,0,0,0
135,2013-10-21,2013,10,21,4,43,1,Monday,October,0,0,0,0,0,0,0
136,2013-10-22,2013,10,22,4,43,2,Tuesday,October,0,0,0,0,0,0,0
137,2013-10-23,2013,10,23,4,43,3,Wednesday,October,0,0,0,0,0,0,0
138,2013-10-24,2013,10,24,4,43,4,Thursday,October,0,0,0,0,0,0,0
139,2013-10-25,2013,10,25,4,43,5,Friday,October,0,0,0,0,0,0,0
140,2013-10-26,2013,10,26,4,43,6,Saturday,October,1,0,0,0,0,0,0
141,2013-10-27,2013,10,27,4,43,7,Sunday,October,1,0,0,0,0,0,0
142,2013-10-28,2013,10,28,4,44,1,Monday,October,0,0,0,0,0,0,0
143,2013-10-29,2013,10,29,4,44,2,Tuesday,October,0,0,0,0,0,0,0
144,2013-10-30,2013,10,30,4,44,3,Wednesday,October,0,0,0,0,0,0,0
145,2013-10-31,2013,10,31,4,44,4,Thursday,October,0,0,1,0,0,0,0
146,2013-11-01,2013,11,1,4,44,5,Friday,November,0,1,0,0,0,0,0
147,2013-11-02,2013,11,2,4,44,6,Saturday,November,1,0,0,0,0,0,0
148,2013-11-03,2013,11,3,4,44,7,Sunday,November,1,0,0,0,0,0,0
149,2013-11-04,2013,11,4,4,45,1,Monday,November,0,0,0,0,0,0,0
150,2013-11-05,2013,11,5,4,45,2,Tuesday,November,0,0,0,0,0,0,0
151,2013-11-06,2013,11,6,4,45,3,Wednesday,November,0,0,0,0,0,0,0
152,2013-11-07,2013,11,7,4,45,4,Thursday,November,0,0,0,0,0,0,0
153,2013-11-08,2013,11,8,4,45,5,Friday,November,0,0,0,0,0,0,0
154,2013-11-09,2013,11,9,4,45,6,Saturday,November,1,0,0,0,0,0,0
155,2013-11-10,2013,11,10,4,45,7,Sunday,November,1,0,0,0,0,0,0
156,2013-11-11,2013,11,11,4,46,1,Monday,November,0,0,0,0,0,0,0
157,2013-11-12,2013,11,12,4,46,2,Tuesday,November,0,0,0,0,0,0,0
158,2013-11-13,2013,11,13,4,46,3,Wednesday,November,0,0,0,0,0,0,0
159,2013-11-14,2013,11,14,4,46,4,Thursday,November,0,0,0,0,0,0,0
160,2013-11-15,2013,11,15,4,46,5,Friday,November,0,0,0,0,0,0,0
161,2013-11-16,2013,11,16,4,46,6,Saturday,November,1,0,0,0,0,0,0
162,2013-11-17,2013,11,17,4,46,7,Sunday,November,1,0,0,0,0,0,0
163,2013-11-18,2013,11,18,4,47,1,Monday,November,0,0,0,0,0,0,0
164,2013-11-19,2013,11,19,4,47,2,Tuesday,November,0,0,0,0,0,0,0
165,2013-11-20,2013,11,20,4,47,3,Wednesday,November,0,0,0,0,0,0,0
166,2013-11-21,2013,11,21,4,47,4,Thursday,November,0,0,0,0,0,0,0
167,2013-11-22,2013,11,22,4,47,5,Friday,November,0,0,0,0,0,0,0
168,2013-11-23,2013,11,23,4,47,6,Saturday,November,1,0,0,0,0,0,0
169,2013-11-24,2013,11,24,4,47,7,Sunday,November,1,0,0,0,0,0,0
170,2013-11-25,2013,11,25,4,48,1,Monday,November,0,0,0,0,0,0,0
171,2013-11-26,2013,11,26,4,48,2,Tuesday,November,0,0,0,0,0,0,0
172,2013-11-27,2013,11,27,4,48,3,Wednesday,November,0,0,0,0,0,0,0
173,2013-11-28,2013,11,28,4,48,4,Thursday,November,0,0,0,0,0,0,0
174,2013-11-29,2013,11,29,4,48,5,Friday,November,0,0,0,0,0,0,0
175,2013-11-30,2013,11,30,4,48,6,Saturday,November,1,0,1,0,0,0,0
176,2013-12-01,2013,12,1,4,48,7,Sunday,December,1,1,0,0,0,0,0
177,2013-12-02,2013,12,2,4,49,1,Monday,December,0,0,0,0,0,0,0
178,2013-12-03,2013,12,3,4,49,2,Tuesday,December,0,0,0,0,0,0,0
179,2013-12-04,2013,12,4,4,49,3,Wednesday,December,0,0,0,0,0,0,0
180,2013-12-05,2013,12,5,4,49,4,Thursday,December,0,0,0,0,0,0,0
181,2013-12-06,2013,12,6,4,49,5,Friday,December,0,0,0,0,0,0,0
182,2013-12-07,2013,12,7,4,49,6,Saturday,December,1,0,0,0,0,0,0
183,2013-12-08,2013,12,8,4,49,7,Sunday,December,1,0,0,0,0,0,0
184,2013-12-09,2013,12,9,4,50,1,Monday,December,0,0,0,0,0,0,0
185,2013-12-10,2013,12,10,4,50,2,Tuesday,December,0,0,0,0,0,0,0
186,2013-12-11,2013,12,11,4,50,3,Wednesday,December,0,0,0,0,0,0,0
187,2013-12-12,2013,12,12,4,50,4,Thursday,December,0,0,0,0,0,0,0
188,2013-12-13,2013,12,13,4,50,5,Friday,December,0,0,0,0,0,0,0
189,2013-12-14,2013,12,14,4,50,6,Saturday,December,1,0,0,0,0,0,0
190,2013-12-15,2013,12,15,4,50,7,Sunday,December,1,0,0,0,0,0,0
191,2013-12-16,2013,12,16,4,51,1,Monday,December,0,0,0,0,0,0,0
192,2013-12-17,2013,12,17,4,51,2,Tuesday,December,0,0,0,0,0,0,0
193,2013-12-18,2013,12,18,4,51,3,Wednesday,December,0,0,0,0,0,0,0
194,2013-12-19,2013,12,19,4,51,4,Thursday,December,0,0,0,0,0,0,0
195,2013-12-20,2013,12,20,4,51,5,Friday,December,0,0,0,0,0,0,0
196,2013-12-21,2013,12,21,4,51,6,Saturday,December,1,0,0,0,0,0,0
197,2013-12-22,2013,12,22,4,51,7,Sunday,December,1,0,0,0,0,0,0
198,2013-12-23,2013,12,23,4,52,1,Monday,December,0,0,0,0,0,0,0
199,2013-12-24,2013,12,24,4,52,2,Tuesday,December,0,0,0,0,0,0,0
200,2013-12-25,2013,12,25,4,52,3,Wednesday,December,0,0,0,0,0,0,0
201,2013-12-26,2013,12,26,4,52,4,Thursday,December,0,0,0,0,0,0,0
202,2013-12-27,2013,12,27,4,52,5,Friday,December,0,0,0,0,0,0,0
203,2013-12-28,2013,12,28,4,52,6,Saturday,December,1,0,0,0,0,0,0
204,2013-12-29,2013,12,29,4,52,7,Sunday,December,1,0,0,0,0,0,0
205,2013-12-30,2013,12,30,4,1,1,Monday,December,0,0,0,0,0,0,0
206,2013-12-31,2013,12,31,4,1,2,Tuesday,December,0,0,1,0,1,0,1
207,2014-01-01,2014,1,1,1,1,3,Wednesday,January,0,1,0,1,0,1,0
208,2014-01-02,2014,1,2,1,1,4,Thursday,January,0,0,0,0,0,0,0
209,2014-01-03,2014,1,3,1,1,5,Friday,January,0,0,0,0,0,0,0
210,2014-01-04,2014,1,4,1,1,6,Saturday,January,1,0,0,0,0,0,0
211,2014-01-05,2014,1,5,1,1,7,Sunday,January,1,0,0,0,0,0,0
212,2014-01-06,2014,1,6,1,2,1,Monday,January,0,0,0,0,0,0,0
213,2014-01-07,2014,1,7,1,2,2,Tuesday,January,0,0,0,0,0,0,0
214,2014-01-08,2014,1,8,1,2,3,Wednesday,January,0,0,0,0,0,0,0
215,2014-01-09,2014,1,9,1,2,4,Thursday,January,0,0,0,0,0,0,0
216,2014-01-10,2014,1,10,1,2,5,Friday,January,0,0,0,0,0,0,0
217,2014-01-11,2014,1,11,1,2,6,Saturday,January,1,0,0,0,0,0,0
218,2014-01-12,2014,1,12,1,2,7,Sunday,January,1,0,0,0,0,0,0
219,2014-01-13,2014,1,13,1,3,1,Monday,January,0,0,0,0,0,0,0
220,2014-01-14,2014,1,14,1,3,2,Tuesday,January,0,0,0,0,0,0,0
221,2014-01-15,2014,1,15,1,3,3,Wednesday,January,0,0,0,0,0,0,0
222,2014-01-16,2014,1,16,1,3,4,Thursday,January,0,0,0,0,0,0,0
223,2014-01-17,2014,1,17,1,3,5,Friday,January,0,0,0,0,0,0,0
224,2014-01-18,2014,1,18,1,3,6,Saturday,January,1,0,0,0,0,0,0
225,2014-01-19,2014,1,19,1,3,7,Sunday,January,1,0,0,0,0,0,0
226,2014-01-20,2014,1,20,1,4,1,Monday,January,0,0,0,0,0,0,0
227,2014-01-21,2014,1,21,1,4,2,Tuesday,January,0,0,0,0,0,0,0
228,2014-01-22,2014,1,22,1,4,3,Wednesday,January,0,0,0,0,0,0,0
229,2014-01-23,2014,1,23,1,4,4,Thursday,January,0,0,0,0,0,0,0
230,2014-01-24,2014,1,24,1,4,5,Friday,January,0,0,0,0,0,0,0
231,2014-01-25,2014,1,25,1,4,6,Saturday,January,1,0,0,0,0,0,0
232,2014-01-26,2014,1,26,1,4,7,Sunday,January,1,0,0,0,0,0,0
233,2014-01-27,2014,1,27,1,5,1,Monday,January,0,0,0,0,0,0,0
234,2014-01-28,2014,1,28,1,5,2,Tuesday,January,0,0,0,0,0,0,0
235,2014-01-29,2014,1,29,1,5,3,Wednesday,January,0,0,0,0,0,0,0
236,2014-01-30,2014,1,30,1,5,4,Thursday,January,0,0,0,0,0,0,0
237,2014-01-31,2014,1,31,1,5,5,Friday,January,0,0,1,0,0,0,0
238,2014-02-01,2014,2,1,1,5,6,Saturday,February,1,1,0,0,0,0,0
239,2014-02-02,2014,2,2,1,5,7,Sunday,February,1,0,0,0,0,0,0
240,2014-02-03,2014,2,3,1,6,1,Monday,February,0,0,0,0,0,0,0
241,2014-02-04,2014,2,4,1,6,2,Tuesday,February,0,0,0,0,0,0,0
242,2014-02-05,2014,2,5,1,6,3,Wednesday,February,0,0,0,0,0,0,0
243,2014-02-06,2014,2,6,1,6,4,Thursday,February,0,0,0,0,0,0,0
244,2014-02-07,2014,2,7,1,6,5,Friday,February,0,0,0,0,0,0,0
245,2014-02-08,2014,2,8,1,6,6,Saturday,February,1,0,0,0,0,0,0
246,2014-02-09,2014,2,9,1,6,7,Sunday,February,1,0,0,0,0,0,0
247,2014-02-10,2014,2,10,1,7,1,Monday,February,0,0,0,0,0,0,0
248,2014-02-11,2014,2,11,1,7,2,Tuesday,February,0,0,0,0,0,0,0
249,2014-02-12,2014,2,12,1,7,3,Wednesday,February,0,0,0,0,0,0,0
250,2014-02-13,2014,2,13,1,7,4,Thursday,February,0,0,0,0,0,0,0
251,2014-02-14,2014,2,14,1,7,5,Friday,February,0,0,0,0,0,0,0
252,2014-02-15,2014,2,15,1,7,6,Saturday,February,1,0,0,0,0,0,0
253,2014-02-16,2014,2,16,1,7,7,Sunday,February,1,0,0,0,0,0,0
254,2014-02-17,2014,2,17,1,8,1,Monday,February,0,0,0,0,0,0,0
255,2014-02-18,2014,2,18,1,8,2,Tuesday,February,0,0,0,0,0,0,0
256,2014-02-19,2014,2,19,1,8,3,Wednesday,February,0,0,0,0,0,0,0
257,2014-02-20,2014,2,20,1,8,4,Thursday,February,0,0,0,0,0,0,0
258,2014-02-21,2014,2,21,1,8,5,Friday,February,0,0,0,0,0,0,0
259,2014-02-22,2014,2,22,1,8,6,Saturday,February,1,0,0,0,0,0,0
260,2014-02-23,2014,2,23,1,8,7,Sunday,February,1,0,0,0,0,0,0
261,2014-02-24,2014,2,24,1,9,1,Monday,February,0,0,0,0,0,0,0
262,2014-02-25,2014,2,25,1,9,2,Tuesday,February,0,0,0,0,0,0,0
263,2014-02-26,2014,2,26,1,9,3,Wednesday,February,0,0,0,0,0,0,0
264,2014-02-27,2014,2,27,1,9,4,Thursday,February,0,0,0,0,0,0,0
265,2014-02-28,2014,2,28,1,9,5,Friday,February,0,0,1,0,0,0,0
266,2014-03-01,2014,3,1,1,9,6,Saturday,March,1,1,0,0,0,0,0
267,2014-03-02,2014,3,2,1,9,7,Sunday,March,1,0,0,0,0,0,0
268,2014-03-03,2014,3,3,1,10,1,Monday,March,0,0,0,0,0,0,0
269,2014-03-04,2014,3,4,1,10,2,Tuesday,March,0,0,0,0,0,0,0
270,2014-03-05,2014,3,5,1,10,3,Wednesday,March,0,0,0,0,0,0,0
271,2014-03-06,2014,3,6,1,10,4,Thursday,March,0,0,0,0,0,0,0
272,2014-03-07,2014,3,7,1,10,5,Friday,March,0,0,0,0,0,0,0
273,2014-03-08,2014,3,8,1,10,6,Saturday,March,1,0,0,0,0,0,0
274,2014-03-09,2014,3,9,1,10,7,Sunday,March,1,0,0,0,0,0,0
275,2014-03-10,2014,3,10,1,11,1,Monday,March,0,0,0,0,0,0,0
276,2014-03-11,2014,3,11,1,11,2,Tuesday,March,0,0,0,0,0,0,0
277,2014-03-12,2014,3,12,1,11,3,Wednesday,March,0,0,0,0,0,0,0
278,2014-03-13,2014,3,13,1,11,4,Thursday,March,0,0,0,0,0,0,0
279,2014-03-14,2014,3,14,1,11,5,Friday,March,0,0,0,0,0,0,0
280,2014-03-15,2014,3,15,1,11,6,Saturday,March,1,0,0,0,0,0,0
281,2014-03-16,2014,3,16,1,11,7,Sunday,March,1,0,0,0,0,0,0
282,2014-03-17,2014,3,17,1,12,1,Monday,March,0,0,0,0,0,0,0
283,2014-03-18,2014,3,18,1,12,2,Tuesday,March,0,0,0,0,0,0,0
284,2014-03-19,2014,3,19,1,12,3,Wednesday,March,0,0,0,0,0,0,0
285,2014-03-20,2014,3,20,1,12,4,Thursday,March,0,0,0,0,0,0,0
286,2014-03-21,2014,3,21,1,12,5,Friday,March,0,0,0,0,0,0,0
287,2014-03-22,2014,3,22,1,12,6,Saturday,March,1,0,0,0,0,0,0
288,2014-03-23,2014,3,23,1,12,7,Sunday,March,1,0,0,0,0,0,0
289,2014-03-24,2014,3,24,1,13,1,Monday,March,0,0,0,0,0,0,0
290,2014-03-25,2014,3,25,1,13,2,Tuesday,March,0,0,0,0,0,0,0
291,2014-03-26,2014,3,26,1,13,3,Wednesday,March,0,0,0,0,0,0,0
292,2014-03-27,2014,3,27,1,13,4,Thursday,March,0,0,0,0,0,0,0
293,2014-03-28,2014,3,28,1,13,5,Friday,March,0,0,0,0,0,0,0
294,2014-03-29,2014,3,29,1,13,6,Saturday,March,1,0,0,0,0,0,0
295,2014-03-30,2014,3,30,1,13,7,Sunday,March,1,0,0,0,0,0,0
296,2014-03-31,2014,3,31,1,14,1,Monday,March,0,0,1,0,1,0,0
297,2014-04-01,2014,4,1,2,14,2,Tuesday,April,0,1,0,1,0,0,0
298,2014-04-02,2014,4,2,2,14,3,Wednesday,April,0,0,0,0,0,0,0
299,2014-04-03,2014,4,3,2,14,4,Thursday,April,0,0,0,0,0,0,0
300,2014-04-04,2014,4,4,2,14,5,Friday,April,0,0,0,0,0,0,0
301,2014-04-05,2014,4,5,2,14,6,Saturday,April,1,0,0,0,0,0,0
302,2014-04-06,2014,4,6,2,14,7,Sunday,April,1,0,0,0,0,0,0
303,2014-04-07,2014,4,7,2,15,1,Monday,April,0,0,0,0,0,0,0
304,2014-04-08,2014,4,8,2,15,2,Tuesday,April,0,0,0,0,0,0,0
305,2014-04-09,2014,4,9,2,15,3,Wednesday,April,0,0,0,0,0,0,0
306,2014-04-10,2014,4,10,2,15,4,Thursday,April,0,0,0,0,0,0,0
307,2014-04-11,2014,4,11,2,15,5,Friday,April,0,0,0,0,0,0,0
308,2014-04-12,2014,4,12,2,15,6,Saturday,April,1,0,0,0,0,0,0
309,2014-04-13,2014,4,13,2,15,7,Sunday,April,1,0,0,0,0,0,0
310,2014-04-14,2014,4,14,2,16,1,Monday,April,0,0,0,0,0,0,0
311,2014-04-15,2014,4,15,2,16,2,Tuesday,April,0,0,0,0,0,0,0
312,2014-04-16,2014,4,16,2,16,3,Wednesday,April,0,0,0,0,0,0,0
313,2014-04-17,2014,4,17,2,16,4,Thursday,April,0,0,0,0,0,0,0
314,2014-04-18,2014,4,18,2,16,5,Friday,April,0,0,0,0,0,0,0
315,2014-04-19,2014,4,19,2,16,6,Saturday,April,1,0,0,0,0,0,0
316,2014-04-20,2014,4,20,2,16,7,Sunday,April,1,0,0,0,0,0,0
317,2014-04-21,2014,4,21,2,17,1,Monday,April,0,0,0,0,0,0,0
318,2014-04-22,2014,4,22,2,17,2,Tuesday,April,0,0,0,0,0,0,0
319,2014-04-23,2014,4,23,2,17,3,Wednesday,April,0,0,0,0,0,0,0
320,2014-04-24,2014,4,24,2,17,4,Thursday,April,0,0,0,0,0,0,0
321,2014-04-25,2014,4,25,2,17,5,Friday,April,0,0,0,0,0,0,0
322,2014-04-26,2014,4,26,2,17,6,Saturday,April,1,0,0,0,0,0,0
323,2014-04-27,2014,4,27,2,17,7,Sunday,April,1,0,0,0,0,0,0
324,2014-04-28,2014,4,28,2,18,1,Monday,April,0,0,0,0,0,0,0
325,2014-04-29,2014,4,29,2,18,2,Tuesday,April,0,0,0,0,0,0,0
326,2014-04-30,2014,4,30,2,18,3,Wednesday,April,0,0,1,0,0,0,0
327,2014-05-01,2014,5,1,2,18,4,Thursday,May,0,1,0,0,0,0,0
328,2014-05-02,2014,5,2,2,18,5,Friday,May,0,0,0,0,0,0,0
329,2014-05-03,2014,5,3,2,18,6,Saturday,May,1,0,0,0,0,0,0
330,2014-05-04,2014,5,4,2,18,7,Sunday,May,1,0,0,0,0,0,0
331,2014-05-05,2014,5,5,2,19,1,Monday,May,0,0,0,0,0,0,0
332,2014-05-06,2014,5,6,2,19,2,Tuesday,May,0,0,0,0,0,0,0
333,2014-05-07,2014,5,7,2,19,3,Wednesday,May,0,0,0,0,0,0,0
334,2014-05-08,2014,5,8,2,19,4,Thursday,May,0,0,0,0,0,0,0
335,2014-05-09,2014,5,9,2,19,5,Friday,May,0,0,0,0,0,0,0
336,2014-05-10,2014,5,10,2,19,6,Saturday,May,1,0,0,0,0,0,0
337,2014-05-11,2014,5,11,2,19,7,Sunday,May,1,0,0,0,0,0,0
338,2014-05-12,2014,5,12,2,20,1,Monday,May,0,0,0,0,0,0,0
339,2014-05-13,2014,5,13,2,20,2,Tuesday,May,0,0,0,0,0,0,0
340,2014-05-14,2014,5,14,2,20,3,Wednesday,May,0,0,0,0,0,0,0
341,2014-05-15,2014,5,15,2,20,4,Thursday,May,0,0,0,0,0,0,0
342,2014-05-16,2014,5,16,2,20,5,Friday,May,0,0,0,0,0,0,0
343,2014-05-17,2014,5,17,2,20,6,Saturday,May,1,0,0,0,0,0,0
344,2014-05-18,2014,5,18,2,20,7,Sunday,May,1,0,0,0,0,0,0
345,2014-05-19,2014,5,19,2,21,1,Monday,May,0,0,0,0,0,0,0
346,2014-05-20,2014,5,20,2,21,2,Tuesday,May,0,0,0,0,0,0,0
347,2014-05-21,2014,5,21,2,21,3,Wednesday,May,0,0,0,0,0,0,0
348,2014-05-22,2014,5,22,2,21,4,Thursday,May,0,0,0,0,0,0,0
349,2014-05-23,2014,5,23,2,21,5,Friday,May,0,0,0,0,0,0,0
350,2014-05-24,2014,5,24,2,21,6,Saturday,May,1,0,0,0,0,0,0
351,2014-05-25,2014,5,25,2,21,7,Sunday,May,1,0,0,0,0,0,0
352,2014-05-26,2014,5,26,2,22,1,Monday,May,0,0,0,0,0,0,0
353,2014-05-27,2014,5,27,2,22,2,Tuesday,May,0,0,0,0,0,0,0
354,2014-05-28,2014,5,28,2,22,3,Wednesday,May,0,0,0,0,0,0,0
355,2014-05-29,2014,5,29,2,22,4,Thursday,May,0,0,0,0,0,0,0
356,2014-05-30,2014,5,30,2,22,5,Friday,May,0,0,0,0,0,0,0
357,2014-05-31,2014,5,31,2,22,6,Saturday,May,1,0,1,0,0,0,0
358,2014-06-01,2014,6,1,2,22,7,Sunday,June,1,1,0,0,0,0,0
359,2014-06-02,2014,6,2,2,23,1,Monday,June,0,0,0,0,0,0,0
360,2014-06-03,2014,6,3,2,23,2,Tuesday,June,0,0,0,0,0,0,0
361,2014-06-04,2014,6,4,2,23,3,Wednesday,June,0,0,0,0,0,0,0
362,2014-06-05,2014,6,5,2,23,4,Thursday,June,0,0,0,0,0,0,0
363,2014-06-06,2014,6,6,2,23,5,Friday,June,0,0,0,0,0,0,0
364,2014-06-07,2014,6,7,2,23,6,Saturday,June,1,0,0,0,0,0,0
365,2014-06-08,2014,6,8,2,23,7,Sunday,June,1,0,0,0,0,0,0
366,2014-06-09,2014,6,9,2,24,1,Monday,June,0,0,0,0,0,0,0
367,2014-06-10,2014,6,10,2,24,2,Tuesday,June,0,0,0,0,0,0,0
368,2014-06-11,2014,6,11,2,24,3,Wednesday,June,0,0,0,0,0,0,0
369,2014-06-12,2014,6,12,2,24,4,Thursday,June,0,0,0,0,0,0,0
370,2014-06-13,2014,6,13,2,24,5,Friday,June,0,0,0,0,0,0,0
371,2014-06-14,2014,6,14,2,24,6,Saturday,June,1,0,0,0,0,0,0
372,2014-06-15,2014,6,15,2,24,7,Sunday,June,1,0,0,0,0,0,0
373,2014-06-16,2014,6,16,2,25,1,Monday,June,0,0,0,0,0,0,0
374,2014-06-17,2014,6,17,2,25,2,Tuesday,June,0,0,0,0,0,0,0
375,2014-06-18,2014,6,18,2,25,3,Wednesday,June,0,0,0,0,0,0,0
376,2014-06-19,2014,6,19,2,25,4,Thursday,June,0,0,0,0,0,0,0
377,2014-06-20,2014,6,20,2,25,5,Friday,June,0,0,0,0,0,0,0
378,2014-06-21,2014,6,21,2,25,6,Saturday,June,1,0,0,0,0,0,0
379,2014-06-22,2014,6,22,2,25,7,Sunday,June,1,0,0,0,0,0,0
380,2014-06-23,2014,6,23,2,26,1,Monday,June,0,0,0,0,0,0,0
381,2014-06-24,2014,6,24,2,26,2,Tuesday,June,0,0,0,0,0,0,0
382,2014-06-25,2014,6,25,2,26,3,Wednesday,June,0,0,0,0,0,0,0
383,2014-06-26,2014,6,26,2,26,4,Thursday,June,0,0,0,0,0,0,0
384,2014-06-27,2014,6,27,2,26,5,Friday,June,0,0,0,0,0,0,0
385,2014-06-28,2014,6,28,2,26,6,Saturday,June,1,0,0,0,0,0,0
386,2014-06-29,2014,6,29,2,26,7,Sunday,June,1,0,0,0,0,0,0
387,2014-06-30,2014,6,30,2,27,1,Monday,June,0,0,1,0,1,0,0
388,2014-07-01,2014,7,1,3,27,2,Tuesday,July,0,1,0,1,0,0,0
389,2014-07-02,2014,7,2,3,27,3,Wednesday,July,0,0,0,0,0,0,0
390,2014-07-03,2014,7,3,3,27,4,Thursday,July,0,0,0,0,0,0,0
391,2014-07-04,2014,7,4,3,27,5,Friday,July,0,0,0,0,0,0,0
392,2014-07-05,2014,7,5,3,27,6,Saturday,July,1,0,0,0,0,0,0
393,2014-07-06,2014,7,6,3,27,7,Sunday,July,1,0,0,0,0,0,0
394,2014-07-07,2014,7,7,3,28,1,Monday,July,0,0,0,0,0,0,0
395,2014-07-08,2014,7,8,3,28,2,Tuesday,July,0,0,0,0,0,0,0
396,2014-07-09,2014,7,9,3,28,3,Wednesday,July,0,0,0,0,0,0,0
397,2014-07-10,2014,7,10,3,28,4,Thursday,July,0,0,0,0,0,0,0
398,2014-07-11,2014,7,11,3,28,5,Friday,July,0,0,0,0,0,0,0
399,2014-07-12,2014,7,12,3,28,6,Saturday,July,1,0,0,0,0,0,0
400,2014-07-13,2014,7,13,3,28,7,Sunday,July,1,0,0,0,0,0,0
401,2014-07-14,2014,7,14,3,29,1,Monday,July,0,0,0,0,0,0,0
402,2014-07-15,2014,7,15,3,29,2,Tuesday,July,0,0,0,0,0,0,0
403,2014-07-16,2014,7,16,3,29,3,Wednesday,July,0,0,0,0,0,0,0
404,2014-07-17,2014,7,17,3,29,4,Thursday,July,0,0,0,0,0,0,0
405,2014-07-18,2014,7,18,3,29,5,Friday,July,0,0,0,0,0,0,0
406,2014-07-19,2014,7,19,3,29,6,Saturday,July,1,0,0,0,0,0,0
407,2014-07-20,2014,7,20,3,29,7,Sunday,July,1,0,0,0,0,0,0
408,2014-07-21,2014,7,21,3,30,1,Monday,July,0,0,0,0,0,0,0
409,2014-07-22,2014,7,22,3,30,2,Tuesday,July,0,0,0,0,0,0,0
410,2014-07-23,2014,7,23,3,30,3,Wednesday,July,0,0,0,0,0,0,0
411,2014-07-24,2014,7,24,3,30,4,Thursday,July,0,0,0,0,0,0,0
412,2014-07-25,2014,7,25,3,30,5,Friday,July,0,0,0,0,0,0,0
413,2014-07-26,2014,7,26,3,30,6,Saturday,July,1,0,0,0,0,0,0
414,2014-07-27,2014,7,27,3,30,7,Sunday,July,1,0,0,0,0,0,0
415,2014-07-28,2014,7,28,3,31,1,Monday,July,0,0,0,0,0,0,0
416,2014-07-29,2014,7,29,3,31,2,Tuesday,July,0,0,0,0,0,0,0
417,2014-07-30,2014,7,30,3,31,3,Wednesday,July,0,0,0,0,0,0,0
418,2014-07-31,2014,7,31,3,31,4,Thursday,July,0,0,1,0,0,0,0
419,2014-08-01,2014,8,1,3,31,5,Friday,August,0,1,0,0,0,0,0
420,2014-08-02,2014,8,2,3,31,6,Saturday,August,1,0,0,0,0,0,0
421,2014-08-03,2014,8,3,3,31,7,Sunday,August,1,0,0,0,0,0,0
422,2014-08-04,2014,8,4,3,32,1,Monday,August,0,0,0,0,0,0,0
423,2014-08-05,2014,8,5,3,32,2,Tuesday,August,0,0,0,0,0,0,0
424,2014-08-06,2014,8,6,3,32,3,Wednesday,August,0,0,0,0,0,0,0
425,2014-08-07,2014,8,7,3,32,4,Thursday,August,0,0,0,0,0,0,0
426,2014-08-08,2014,8,8,3,32,5,Friday,August,0,0,0,0,0,0,0
427,2014-08-09,2014,8,9,3,32,6,Saturday,August,1,0,0,0,0,0,0
428,2014-08-10,2014,8,10,3,32,7,Sunday,August,1,0,0,0,0,0,0
429,2014-08-11,2014,8,11,3,33,1,Monday,August,0,0,0,0,0,0,0
430,2014-08-12,2014,8,12,3,33,2,Tuesday,August,0,0,0,0,0,0,0
431,2014-08-13,2014,8,13,3,33,3,Wednesday,August,0,0,0,0,0,0,0
432,2014-08-14,2014,8,14,3,33,4,Thursday,August,0,0,0,0,0,0,0
433,2014-08-15,2014,8,15,3,33,5,Friday,August,0,0,0,0,0,0,0
434,2014-08-16,2014,8,16,3,33,6,Saturday,August,1,0,0,0,0,0,0
435,2014-08-17,2014,8,17,3,33,7,Sunday,August,1,0,0,0,0,0,0
436,2014-08-18,2014,8,18,3,34,1,Monday,August,0,0,0,0,0,0,0
437,2014-08-19,2014,8,19,3,34,2,Tuesday,August,0,0,0,0,0,0,0
438,2014-08-20,2014,8,20,3,34,3,Wednesday,August,0,0,0,0,0,0,0
439,2014-08-21,2014,8,21,3,34,4,Thursday,August,0,0,0,0,0,0,0
440,2014-08-22,2014,8,22,3,34,5,Friday,August,0,0,0,0,0,0,0
441,2014-08-23,2014,8,23,3,34,6,Saturday,August,1,0,0,0,0,0,0
442,2014-08-24,2014,8,24,3,34,7,Sunday,August,1,0,0,0,0,0,0
443,2014-08-25,2014,8,25,3,35,1,Monday,August,0,0,0,0,0,0,0
444,2014-08-26,2014,8,26,3,35,2,Tuesday,August,0,0,0,0,0,0,0
445,2014-08-27,2014,8,27,3,35,3,Wednesday,August,0,0,0,0,0,0,0
446,2014-08-28,2014,8,28,3,35,4,Thursday,August,0,0,0,0,0,0,0
447,2014-08-29,2014,8,29,3,35,5,Friday,August,0,0,0,0,0,0,0
448,2014-08-30,2014,8,30,3,35,6,Saturday,August,1,0,0,0,0,0,0
449,2014-08-31,2014,8,31,3,35,7,Sunday,August,1,0,1,0,0,0,0
450,2014-09-01,2014,9,1,3,36,1,Monday,September,0,1,0,0,0,0,0
451,2014-09-02,2014,9,2,3,36,2,Tuesday,September,0,0,0,0,0,0,0
452,2014-09-03,2014,9,3,3,36,3,Wednesday,September,0,0,0,0,0,0,0
453,2014-09-04,2014,9,4,3,36,4,Thursday,September,0,0,0,0,0,0,0
454,2014-09-05,2014,9,5,3,36,5,Friday,September,0,0,0,0,0,0,0
455,2014-09-06,2014,9,6,3,36,6,Saturday,September,1,0,0,0,0,0,0
456,2014-09-07,2014,9,7,3,36,7,Sunday,September,1,0,0,0,0,0,0
457,2014-09-08,2014,9,8,3,37,1,Monday,September,0,0,0,0,0,0,0
458,2014-09-09,2014,9,9,3,37,2,Tuesday,September,0,0,0,0,0,0,0
459,2014-09-10,2014,9,10,3,37,3,Wednesday,September,0,0,0,0,0,0,0
460,2014-09-11,2014,9,11,3,37,4,Thursday,September,0,0,0,0,0,0,0
461,2014-09-12,2014,9,12,3,37,5,Friday,September,0,0,0,0,0,0,0
462,2014-09-13,2014,9,13,3,37,6,Saturday,September,1,0,0,0,0,0,0
463,2014-09-14,2014,9,14,3,37,7,Sunday,September,1,0,0,0,0,0,0
464,2014-09-15,2014,9,15,3,38,1,Monday,September,0,0,0,0,0,0,0
465,2014-09-16,2014,9,16,3,38,2,Tuesday,September,0,0,0,0,0,0,0
466,2014-09-17,2014,9,17,3,38,3,Wednesday,September,0,0,0,0,0,0,0
467,2014-09-18,2014,9,18,3,38,4,Thursday,September,0,0,0,0,0,0,0
468,2014-09-19,2014,9,19,3,38,5,Friday,September,0,0,0,0,0,0,0
469,2014-09-20,2014,9,20,3,38,6,Saturday,September,1,0,0,0,0,0,0
470,2014-09-21,2014,9,21,3,38,7,Sunday,September,1,0,0,0,0,0,0
471,2014-09-22,2014,9,22,3,39,1,Monday,September,0,0,0,0,0,0,0
472,2014-09-23,2014,9,23,3,39,2,Tuesday,September,0,0,0,0,0,0,0
473,2014-09-24,2014,9,24,3,39,3,Wednesday,September,0,0,0,0,0,0,0
474,2014-09-25,2014,9,25,3,39,4,Thursday,September,0,0,0,0,0,0,0
475,2014-09-26,2014,9,26,3,39,5,Friday,September,0,0,0,0,0,0,0
476,2014-09-27,2014,9,27,3,39,6,Saturday,September,1,0,0,0,0,0,0
477,2014-09-28,2014,9,28,3,39,7,Sunday,September,1,0,0,0,0,0,0
478,2014-09-29,2014,9,29,3,40,1,Monday,September,0,0,0,0,0,0,0
479,2014-09-30,2014,9,30,3,40,2,Tuesday,September,0,0,1,0,1,0,0
480,2014-10-01,2014,10,1,4,40,3,Wednesday,October,0,1,0,1,0,0,0
481,2014-10-02,2014,10,2,4,40,4,Thursday,October,0,0,0,0,0,0,0
482,2014-10-03,2014,10,3,4,40,5,Friday,October,0,0,0,0,0,0,0
483,2014-10-04,2014,10,4,4,40,6,Saturday,October,1,0,0,0,0,0,0
484,2014-10-05,2014,10,5,4,40,7,Sunday,October,1,0,0,0,0,0,0
485,2014-10-06,2014,10,6,4,41,1,Monday,October,0,0,0,0,0,0,0
486,2014-10-07,2014,10,7,4,41,2,Tuesday,October,0,0,0,0,0,0,0
487,2014-10-08,2014,10,8,4,41,3,Wednesday,October,0,0,0,0,0,0,0
488,2014-10-09,2014,10,9,4,41,4,Thursday,October,0,0,0,0,0,0,0
489,2014-10-10,2014,10,10,4,41,5,Friday,October,0,0,0,0,0,0,0
490,2014-10-11,2014,10,11,4,41,6,Saturday,October,1,0,0,0,0,0,0
491,2014-10-12,2014,10,12,4,41,7,Sunday,October,1,0,0,0,0,0,0
492,2014-10-13,2014,10,13,4,42,1,Monday,October,0,0,0,0,0,0,0
493,2014-10-14,2014,10,14,4,42,2,Tuesday,October,0,0,0,0,0,0,0
494,2014-10-15,2014,10,15,4,42,3,Wednesday,October,0,0,0,0,0,0,0
495,2014-10-16,2014,10,16,4,42,4,Thursday,October,0,0,0,0,0,0,0
496,2014-10-17,2014,10,17,4,42,5,Friday,October,0,0,0,0,0,0,0
497,2014-10-18,2014,10,18,4,42,6,Saturday,October,1,0,0,0,0,0,0
498,2014-10-19,2014,10,19,4,42,7,Sunday,October,1,0,0,0,0,0,0
499,2014-10-20,2014,10,20,4,43,1,Monday,October,0,0,0,0,0,0,0
500,2014-10-21,2014,10,21,4,43,2,Tuesday,October,0,0,0,0,0,0,0
501,2014-10-22,2014,10,22,4,43,3,Wednesday,October,0,0,0,0,0,0,0
502,2014-10-23,2014,10,23,4,43,4,Thursday,October,0,0,0,0,0,0,0
503,2014-10-24,2014,10,24,4,43,5,Friday,October,0,0,0,0,0,0,0
504,2014-10-25,2014,10,25,4,43,6,Saturday,October,1,0,0,0,0,0,0
505,2014-10-26,2014,10,26,4,43,7,Sunday,October,1,0,0,0,0,0,0
506,2014-10-27,2014,10,27,4,44,1,Monday,October,0,0,0,0,0,0,0
507,2014-10-28,2014,10,28,4,44,2,Tuesday,October,0,0,0,0,0,0,0
508,2014-10-29,2014,10,29,4,44,3,Wednesday,October,0,0,0,0,0,0,0
509,2014-10-30,2014,10,30,4,44,4,Thursday,October,0,0,0,0,0,0,0
510,2014-10-31,2014,10,31,4,44,5,Friday,October,0,0,1,0,0,0,0
511,2014-11-01,2014,11,1,4,44,6,Saturday,November,1,1,0,0,0,0,0
512,2014-11-02,2014,11,2,4,44,7,Sunday,November,1,0,0,0,0,0,0
513,2014-11-03,2014,11,3,4,45,1,Monday,November,0,0,0,0,0,0,0
514,2014-11-04,2014,11,4,4,45,2,Tuesday,November,0,0,0,0,0,0,0
515,2014-11-05,2014,11,5,4,45,3,Wednesday,November,0,0,0,0,0,0,0
516,2014-11-06,2014,11,6,4,45,4,Thursday,November,0,0,0,0,0,0,0
517,2014-11-07,2014,11,7,4,45,5,Friday,November,0,0,0,0,0,0,0
518,2014-11-08,2014,11,8,4,45,6,Saturday,November,1,0,0,0,0,0,0
519,2014-11-09,2014,11,9,4,45,7,Sunday,November,1,0,0,0,0,0,0
520,2014-11-10,2014,11,10,4,46,1,Monday,November,0,0,0,0,0,0,0
521,2014-11-11,2014,11,11,4,46,2,Tuesday,November,0,0,0,0,0,0,0
522,2014-11-12,2014,11,12,4,46,3,Wednesday,November,0,0,0,0,0,0,0
523,2014-11-13,2014,11,13,4,46,4,Thursday,November,0,0,0,0,0,0,0
524,2014-11-14,2014,11,14,4,46,5,Friday,November,0,0,0,0,0,0,0
525,2014-11-15,2014,11,15,4,46,6,Saturday,November,1,0,0,0,0,0,0
526,2014-11-16,2014,11,16,4,46,7,Sunday,November,1,0,0,0,0,0,0
527,2014-11-17,2014,11,17,4,47,1,Monday,November,0,0,0,0,0,0,0
528,2014-11-18,2014,11,18,4,47,2,Tuesday,November,0,0,0,0,0,0,0
529,2014-11-19,2014,11,19,4,47,3,Wednesday,November,0,0,0,0,0,0,0
530,2014-11-20,2014,11,20,4,47,4,Thursday,November,0,0,0,0,0,0,0
531,2014-11-21,2014,11,21,4,47,5,Friday,November,0,0,0,0,0,0,0
532,2014-11-22,2014,11,22,4,47,6,Saturday,November,1,0,0,0,0,0,0
533,2014-11-23,2014,11,23,4,47,7,Sunday,November,1,0,0,0,0,0,0
534,2014-11-24,2014,11,24,4,48,1,Monday,November,0,0,0,0,0,0,0
535,2014-11-25,2014,11,25,4,48,2,Tuesday,November,0,0,0,0,0,0,0
536,2014-11-26,2014,11,26,4,48,3,Wednesday,November,0,0,0,0,0,0,0
537,2014-11-27,2014,11,27,4,48,4,Thursday,November,0,0,0,0,0,0,0
538,2014-11-28,2014,11,28,4,48,5,Friday,November,0,0,0,0,0,0,0
539,2014-11-29,2014,11,29,4,48,6,Saturday,November,1,0,0,0,0,0,0
540,2014-11-30,2014,11,30,4,48,7,Sunday,November,1,0,1,0,0,0,0
541,2014-12-01,2014,12,1,4,49,1,Monday,December,0,1,0,0,0,0,0
542,2014-12-02,2014,12,2,4,49,2,Tuesday,December,0,0,0,0,0,0,0
543,2014-12-03,2014,12,3,4,49,3,Wednesday,December,0,0,0,0,0,0,0
544,2014-12-04,2014,12,4,4,49,4,Thursday,December,0,0,0,0,0,0,0
545,2014-12-05,2014,12,5,4,49,5,Friday,December,0,0,0,0,0,0,0
546,2014-12-06,2014,12,6,4,49,6,Saturday,December,1,0,0,0,0,0,0
547,2014-12-07,2014,12,7,4,49,7,Sunday,December,1,0,0,0,0,0,0
548,2014-12-08,2014,12,8,4,50,1,Monday,December,0,0,0,0,0,0,0
549,2014-12-09,2014,12,9,4,50,2,Tuesday,December,0,0,0,0,0,0,0
550,2014-12-10,2014,12,10,4,50,3,Wednesday,December,0,0,0,0,0,0,0
551,2014-12-11,2014,12,11,4,50,4,Thursday,December,0,0,0,0,0,0,0
552,2014-12-12,2014,12,12,4,50,5,Friday,December,0,0,0,0,0,0,0
553,2014-12-13,2014,12,13,4,50,6,Saturday,December,1,0,0,0,0,0,0
554,2014-12-14,2014,12,14,4,50,7,Sunday,December,1,0,0,0,0,0,0
555,2014-12-15,2014,12,15,4,51,1,Monday,December,0,0,0,0,0,0,0
556,2014-12-16,2014,12,16,4,51,2,Tuesday,December,0,0,0,0,0,0,0
557,2014-12-17,2014,12,17,4,51,3,Wednesday,December,0,0,0,0,0,0,0
558,2014-12-18,2014,12,18,4,51,4,Thursday,December,0,0,0,0,0,0,0
559,2014-12-19,2014,12,19,4,51,5,Friday,December,0,0,0,0,0,0,0
560,2014-12-20,2014,12,20,4,51,6,Saturday,December,1,0,0,0,0,0,0
561,2014-12-21,2014,12,21,4,51,7,Sunday,December,1,0,0,0,0,0,0
562,2014-12-22,2014,12,22,4,52,1,Monday,December,0,0,0,0,0,0,0
563,2014-12-23,2014,12,23,4,52,2,Tuesday,December,0,0,0,0,0,0,0
564,2014-12-24,2014,12,24,4,52,3,Wednesday,December,0,0,0,0,0,0,0
565,2014-12-25,2014,12,25,4,52,4,Thursday,December,0,0,0,0,0,0,0
566,2014-12-26,2014,12,26,4,52,5,Friday,December,0,0,0,0,0,0,0
567,2014-12-27,2014,12,27,4,52,6,Saturday,December,1,0,0,0,0,0,0
568,2014-12-28,2014,12,28,4,52,7,Sunday,December,1,0,0,0,0,0,0
569,2014-12-29,2014,12,29,4,1,1,Monday,December,0,0,0,0,0,0,0
570,2014-12-30,2014,12,30,4,1,2,Tuesday,December,0,0,0,0,0,0,0
571,2014-12-31,2014,12,31,4,1,3,Wednesday,December,0,0,1,0,1,0,1
572,2015-01-01,2015,1,1,1,1,4,Thursday,January,0,1,0,1,0,1,0
573,2015-01-02,2015,1,2,1,1,5,Friday,January,0,0,0,0,0,0,0
574,2015-01-03,2015,1,3,1,1,6,Saturday,January,1,0,0,0,0,0,0
575,2015-01-04,2015,1,4,1,1,7,Sunday,January,1,0,0,0,0,0,0
576,2015-01-05,2015,1,5,1,2,1,Monday,January,0,0,0,0,0,0,0
577,2015-01-06,2015,1,6,1,2,2,Tuesday,January,0,0,0,0,0,0,0
578,2015-01-07,2015,1,7,1,2,3,Wednesday,January,0,0,0,0,0,0,0
579,2015-01-08,2015,1,8,1,2,4,Thursday,January,0,0,0,0,0,0,0
580,2015-01-09,2015,1,9,1,2,5,Friday,January,0,0,0,0,0,0,0
581,2015-01-10,2015,1,10,1,2,6,Saturday,January,1,0,0,0,0,0,0
582,2015-01-11,2015,1,11,1,2,7,Sunday,January,1,0,0,0,0,0,0
583,2015-01-12,2015,1,12,1,3,1,Monday,January,0,0,0,0,0,0,0
584,2015-01-13,2015,1,13,1,3,2,Tuesday,January,0,0,0,0,0,0,0
585,2015-01-14,2015,1,14,1,3,3,Wednesday,January,0,0,0,0,0,0,0
586,2015-01-15,2015,1,15,1,3,4,Thursday,January,0,0,0,0,0,0,0
587,2015-01-16,2015,1,16,1,3,5,Friday,January,0,0,0,0,0,0,0
588,2015-01-17,2015,1,17,1,3,6,Saturday,January,1,0,0,0,0,0,0
589,2015-01-18,2015,1,18,1,3,7,Sunday,January,1,0,0,0,0,0,0
590,2015-01-19,2015,1,19,1,4,1,Monday,January,0,0,0,0,0,0,0
591,2015-01-20,2015,1,20,1,4,2,Tuesday,January,0,0,0,0,0,0,0
592,2015-01-21,2015,1,21,1,4,3,Wednesday,January,0,0,0,0,0,0,0
593,2015-01-22,2015,1,22,1,4,4,Thursday,January,0,0,0,0,0,0,0
594,2015-01-23,2015,1,23,1,4,5,Friday,January,0,0,0,0,0,0,0
595,2015-01-24,2015,1,24,1,4,6,Saturday,January,1,0,0,0,0,0,0
596,2015-01-25,2015,1,25,1,4,7,Sunday,January,1,0,0,0,0,0,0
597,2015-01-26,2015,1,26,1,5,1,Monday,January,0,0,0,0,0,0,0
598,2015-01-27,2015,1,27,1,5,2,Tuesday,January,0,0,0,0,0,0,0
599,2015-01-28,2015,1,28,1,5,3,Wednesday,January,0,0,0,0,0,0,0
600,2015-01-29,2015,1,29,1,5,4,Thursday,January,0,0,0,0,0,0,0
601,2015-01-30,2015,1,30,1,5,5,Friday,January,0,0,0,0,0,0,0
602,2015-01-31,2015,1,31,1,5,6,Saturday,January,1,0,1,0,0,0,0
603,2015-02-01,2015,2,1,1,5,7,Sunday,February,1,1,0,0,0,0,0
604,2015-02-02,2015,2,2,1,6,1,Monday,February,0,0,0,0,0,0,0
605,2015-02-03,2015,2,3,1,6,2,Tuesday,February,0,0,0,0,0,0,0
606,2015-02-04,2015,2,4,1,6,3,Wednesday,February,0,0,0,0,0,0,0
607,2015-02-05,2015,2,5,1,6,4,Thursday,February,0,0,0,0,0,0,0
608,2015-02-06,2015,2,6,1,6,5,Friday,February,0,0,0,0,0,0,0
609,2015-02-07,2015,2,7,1,6,6,Saturday,February,1,0,0,0,0,0,0
610,2015-02-08,2015,2,8,1,6,7,Sunday,February,1,0,0,0,0,0,0
611,2015-02-09,2015,2,9,1,7,1,Monday,February,0,0,0,0,0,0,0
612,2015-02-10,2015,2,10,1,7,2,Tuesday,February,0,0,0,0,0,0,0
613,2015-02-11,2015,2,11,1,7,3,Wednesday,February,0,0,0,0,0,0,0
614,2015-02-12,2015,2,12,1,7,4,Thursday,February,0,0,0,0,0,0,0
615,2015-02-13,2015,2,13,1,7,5,Friday,February,0,0,0,0,0,0,0
616,2015-02-14,2015,2,14,1,7,6,Saturday,February,1,0,0,0,0,0,0
617,2015-02-15,2015,2,15,1,7,7,Sunday,February,1,0,0,0,0,0,0
618,2015-02-16,2015,2,16,1,8,1,Monday,February,0,0,0,0,0,0,0
619,2015-02-17,2015,2,17,1,8,2,Tuesday,February,0,0,0,0,0,0,0
620,2015-02-18,2015,2,18,1,8,3,Wednesday,February,0,0,0,0,0,0,0
621,2015-02-19,2015,2,19,1,8,4,Thursday,February,0,0,0,0,0,0,0
622,2015-02-20,2015,2,20,1,8,5,Friday,February,0,0,0,0,0,0,0
623,2015-02-21,2015,2,21,1,8,6,Saturday,February,1,0,0,0,0,0,0
624,2015-02-22,2015,2,22,1,8,7,Sunday,February,1,0,0,0,0,0,0
625,2015-02-23,2015,2,23,1,9,1,Monday,February,0,0,0,0,0,0,0
626,2015-02-24,2015,2,24,1,9,2,Tuesday,February,0,0,0,0,0,0,0
627,2015-02-25,2015,2,25,1,9,3,Wednesday,February,0,0,0,0,0,0,0
628,2015-02-26,2015,2,26,1,9,4,Thursday,February,0,0,0,0,0,0,0
629,2015-02-27,2015,2,27,1,9,5,Friday,February,0,0,0,0,0,0,0
630,2015-02-28,2015,2,28,1,9,6,Saturday,February,1,0,1,0,0,0,0
631,2015-03-01,2015,3,1,1,9,7,Sunday,March,1,1,0,0,0,0,0
632,2015-03-02,2015,3,2,1,10,1,Monday,March,0,0,0,0,0,0,0
633,2015-03-03,2015,3,3,1,10,2,Tuesday,March,0,0,0,0,0,0,0
634,2015-03-04,2015,3,4,1,10,3,Wednesday,March,0,0,0,0,0,0,0
635,2015-03-05,2015,3,5,1,10,4,Thursday,March,0,0,0,0,0,0,0
636,2015-03-06,2015,3,6,1,10,5,Friday,March,0,0,0,0,0,0,0
637,2015-03-07,2015,3,7,1,10,6,Saturday,March,1,0,0,0,0,0,0
638,2015-03-08,2015,3,8,1,10,7,Sunday,March,1,0,0,0,0,0,0
639,2015-03-09,2015,3,9,1,11,1,Monday,March,0,0,0,0,0,0,0
640,2015-03-10,2015,3,10,1,11,2,Tuesday,March,0,0,0,0,0,0,0
641,2015-03-11,2015,3,11,1,11,3,Wednesday,March,0,0,0,0,0,0,0
642,2015-03-12,2015,3,12,1,11,4,Thursday,March,0,0,0,0,0,0,0
643,2015-03-13,2015,3,13,1,11,5,Friday,March,0,0,0,0,0,0,0
644,2015-03-14,2015,3,14,1,11,6,Saturday,March,1,0,0,0,0,0,0
645,2015-03-15,2015,3,15,1,11,7,Sunday,March,1,0,0,0,0,0,0
646,2015-03-16,2015,3,16,1,12,1,Monday,March,0,0,0,0,0,0,0
647,2015-03-17,2015,3,17,1,12,2,Tuesday,March,0,0,0,0,0,0,0
648,2015-03-18,2015,3,18,1,12,3,Wednesday,March,0,0,0,0,0,0,0
649,2015-03-19,2015,3,19,1,12,4,Thursday,March,0,0,0,0,0,0,0
650,2015-03-20,2015,3,20,1,12,5,Friday,March,0,0,0,0,0,0,0
651,2015-03-21,2015,3,21,1,12,6,Saturday,March,1,0,0,0,0,0,0
652,2015-03-22,2015,3,22,1,12,7,Sunday,March,1,0,0,0,0,0,0
653,2015-03-23,2015,3,23,1,13,1,Monday,March,0,0,0,0,0,0,0
654,2015-03-24,2015,3,24,1,13,2,Tuesday,March,0,0,0,0,0,0,0
655,2015-03-25,2015,3,25,1,13,3,Wednesday,March,0,0,0,0,0,0,0
656,2015-03-26,2015,3,26,1,13,4,Thursday,March,0,0,0,0,0,0,0
657,2015-03-27,2015,3,27,1,13,5,Friday,March,0,0,0,0,0,0,0
658,2015-03-28,2015,3,28,1,13,6,Saturday,March,1,0,0,0,0,0,0
659,2015-03-29,2015,3,29,1,13,7,Sunday,March,1,0,0,0,0,0,0
660,2015-03-30,2015,3,30,1,14,1,Monday,March,0,0,0,0,0,0,0
661,2015-03-31,2015,3,31,1,14,2,Tuesday,March,0,0,1,0,1,0,0
662,2015-04-01,2015,4,1,2,14,3,Wednesday,April,0,1,0,1,0,0,0
663,2015-04-02,2015,4,2,2,14,4,Thursday,April,0,0,0,0,0,0,0
664,2015-04-03,2015,4,3,2,14,5,Friday,April,0,0,0,0,0,0,0
665,2015-04-04,2015,4,4,2,14,6,Saturday,April,1,0,0,0,0,0,0
666,2015-04-05,2015,4,5,2,14,7,Sunday,April,1,0,0,0,0,0,0
667,2015-04-06,2015,4,6,2,15,1,Monday,April,0,0,0,0,0,0,0
668,2015-04-07,2015,4,7,2,15,2,Tuesday,April,0,0,0,0,0,0,0
669,2015-04-08,2015,4,8,2,15,3,Wednesday,April,0,0,0,0,0,0,0
670,2015-04-09,2015,4,9,2,15,4,Thursday,April,0,0,0,0,0,0,0
671,2015-04-10,2015,4,10,2,15,5,Friday,April,0,0,0,0,0,0,0
672,2015-04-11,2015,4,11,2,15,6,Saturday,April,1,0,0,0,0,0,0
673,2015-04-12,2015,4,12,2,15,7,Sunday,April,1,0,0,0,0,0,0
674,2015-04-13,2015,4,13,2,16,1,Monday,April,0,0,0,0,0,0,0
675,2015-04-14,2015,4,14,2,16,2,Tuesday,April,0,0,0,0,0,0,0
676,2015-04-15,2015,4,15,2,16,3,Wednesday,April,0,0,0,0,0,0,0
677,2015-04-16,2015,4,16,2,16,4,Thursday,April,0,0,0,0,0,0,0
678,2015-04-17,2015,4,17,2,16,5,Friday,April,0,0,0,0,0,0,0
679,2015-04-18,2015,4,18,2,16,6,Saturday,April,1,0,0,0,0,0,0
680,2015-04-19,2015,4,19,2,16,7,Sunday,April,1,0,0,0,0,0,0
681,2015-04-20,2015,4,20,2,17,1,Monday,April,0,0,0,0,0,0,0
682,2015-04-21,2015,4,21,2,17,2,Tuesday,April,0,0,0,0,0,0,0
683,2015-04-22,2015,4,22,2,17,3,Wednesday,April,0,0,0,0,0,0,0
684,2015-04-23,2015,4,23,2,17,4,Thursday,April,0,0,0,0,0,0,0
685,2015-04-24,2015,4,24,2,17,5,Friday,April,0,0,0,0,0,0,0
686,2015-04-25,2015,4,25,2,17,6,Saturday,April,1,0,0,0,0,0,0
687,2015-04-26,2015,4,26,2,17,7,Sunday,April,1,0,0,0,0,0,0
688,2015-04-27,2015,4,27,2,18,1,Monday,April,0,0,0,0,0,0,0
689,2015-04-28,2015,4,28,2,18,2,Tuesday,April,0,0,0,0,0,0,0
690,2015-04-29,2015,4,29,2,18,3,Wednesday,April,0,0,0,0,0,0,0
691,2015-04-30,2015,4,30,2,18,4,Thursday,April,0,0,1,0,0,0,0
692,2015-05-01,2015,5,1,2,18,5,Friday,May,0,1,0,0,0,0,0
693,2015-05-02,2015,5,2,2,18,6,Saturday,May,1,0,0,0,0,0,0
694,2015-05-03,2015,5,3,2,18,7,Sunday,May,1,0,0,0,0,0,0
695,2015-05-04,2015,5,4,2,19,1,Monday,May,0,0,0,0,0,0,0
696,2015-05-05,2015,5,5,2,19,2,Tuesday,May,0,0,0,0,0,0,0
697,2015-05-06,2015,5,6,2,19,3,Wednesday,May,0,0,0,0,0,0,0
698,2015-05-07,2015,5,7,2,19,4,Thursday,May,0,0,0,0,0,0,0
699,2015-05-08,2015,5,8,2,19,5,Friday,May,0,0,0,0,0,0,0
700,2015-05-09,2015,5,9,2,19,6,Saturday,May,1,0,0,0,0,0,0
701,2015-05-10,2015,5,10,2,19,7,Sunday,May,1,0,0,0,0,0,0
702,2015-05-11,2015,5,11,2,20,1,Monday,May,0,0,0,0,0,0,0
703,2015-05-12,2015,5,12,2,20,2,Tuesday,May,0,0,0,0,0,0,0
704,2015-05-13,2015,5,13,2,20,3,Wednesday,May,0,0,0,0,0,0,0
705,2015-05-14,2015,5,14,2,20,4,Thursday,May,0,0,0,0,0,0,0
706,2015-05-15,2015,5,15,2,20,5,Friday,May,0,0,0,0,0,0,0
707,2015-05-16,2015,5,16,2,20,6,Saturday,May,1,0,0,0,0,0,0
708,2015-05-17,2015,5,17,2,20,7,Sunday,May,1,0,0,0,0,0,0
709,2015-05-18,2015,5,18,2,21,1,Monday,May,0,0,0,0,0,0,0
710,2015-05-19,2015,5,19,2,21,2,Tuesday,May,0,0,0,0,0,0,0
711,2015-05-20,2015,5,20,2,21,3,Wednesday,May,0,0,0,0,0,0,0
712,2015-05-21,2015,5,21,2,21,4,Thursday,May,0,0,0,0,0,0,0
713,2015-05-22,2015,5,22,2,21,5,Friday,May,0,0,0,0,0,0,0
714,2015-05-23,2015,5,23,2,21,6,Saturday,May,1,0,0,0,0,0,0
715,2015-05-24,2015,5,24,2,21,7,Sunday,May,1,0,0,0,0,0,0
716,2015-05-25,2015,5,25,2,22,1,Monday,May,0,0,0,0,0,0,0
717,2015-05-26,2015,5,26,2,22,2,Tuesday,May,0,0,0,0,0,0,0
718,2015-05-27,2015,5,27,2,22,3,Wednesday,May,0,0,0,0,0,0,0
719,2015-05-28,2015,5,28,2,22,4,Thursday,May,0,0,0,0,0,0,0
720,2015-05-29,2015,5,29,2,22,5,Friday,May,0,0,0,0,0,0,0
721,2015-05-30,2015,5,30,2,22,6,Saturday,May,1,0,0,0,0,0,0
722,2015-05-31,2015,5,31,2,22,7,Sunday,May,1,0,1,0,0,0,0
723,2015-06-01,2015,6,1,2,23,1,Monday,June,0,1,0,0,0,0,0
724,2015-06-02,2015,6,2,2,23,2,Tuesday,June,0,0,0,0,0,0,0
725,2015-06-03,2015,6,3,2,23,3,Wednesday,June,0,0,0,0,0,0,0
726,2015-06-04,2015,6,4,2,23,4,Thursday,June,0,0,0,0,0,0,0
727,2015-06-05,2015,6,5,2,23,5,Friday,June,0,0,0,0,0,0,0
728,2015-06-06,2015,6,6,2,23,6,Saturday,June,1,0,0,0,0,0,0
729,2015-06-07,2015,6,7,2,23,7,Sunday,June,1,0,0,0,0,0,0
730,2015-06-08,2015,6,8,2,24,1,Monday,June,0,0,0,0,0,0,0
731,2015-06-09,2015,6,9,2,24,2,Tuesday,June,0,0,0,0,0,0,0
732,2015-06-10,2015,6,10,2,24,3,Wednesday,June,0,0,0,0,0,0,0
733,2015-06-11,2015,6,11,2,24,4,Thursday,June,0,0,0,0,0,0,0
734,2015-06-12,2015,6,12,2,24,5,Friday,June,0,0,0,0,0,0,0
735,2015-06-13,2015,6,13,2,24,6,Saturday,June,1,0,0,0,0,0,0
736,2015-06-14,2015,6,14,2,24,7,Sunday,June,1,0,0,0,0,0,0
737,2015-06-15,2015,6,15,2,25,1,Monday,June,0,0,0,0,0,0,0
738,2015-06-16,2015,6,16,2,25,2,Tuesday,June,0,0,0,0,0,0,0
739,2015-06-17,2015,6,17,2,25,3,Wednesday,June,0,0,0,0,0,0,0
740,2015-06-18,2015,6,18,2,25,4,Thursday,June,0,0,0,0,0,0,0
741,2015-06-19,2015,6,19,2,25,5,Friday,June,0,0,0,0,0,0,0
742,2015-06-20,2015,6,20,2,25,6,Saturday,June,1,0,0,0,0,0,0
743,2015-06-21,2015,6,21,2,25,7,Sunday,June,1,0,0,0,0,0,0
744,2015-06-22,2015,6,22,2,26,1,Monday,June,0,0,0,0,0,0,0
745,2015-06-23,2015,6,23,2,26,2,Tuesday,June,0,0,0,0,0,0,0
746,2015-06-24,2015,6,24,2,26,3,Wednesday,June,0,0,0,0,0,0,0
747,2015-06-25,2015,6,25,2,26,4,Thursday,June,0,0,0,0,0,0,0
748,2015-06-26,2015,6,26,2,26,5,Friday,June,0,0,0,0,0,0,0
749,2015-06-27,2015,6,27,2,26,6,Saturday,June,1,0,0,0,0,0,0
750,2015-06-28,2015,6,28,2,26,7,Sunday,June,1,0,0,0,0,0,0
751,2015-06-29,2015,6,29,2,27,1,Monday,June,0,0,0,0,0,0,0
752,2015-06-30,2015,6,30,2,27,2,Tuesday,June,0,0,1,0,1,0,0
753,2015-07-01,2015,7,1,3,27,3,Wednesday,July,0,1,0,1,0,0,0
754,2015-07-02,2015,7,2,3,27,4,Thursday,July,0,0,0,0,0,0,0
755,2015-07-03,2015,7,3,3,27,5,Friday,July,0,0,0,0,0,0,0
756,2015-07-04,2015,7,4,3,27,6,Saturday,July,1,0,0,0,0,0,0
757,2015-07-05,2015,7,5,3,27,7,Sunday,July,1,0,0,0,0,0,0
758,2015-07-06,2015,7,6,3,28,1,Monday,July,0,0,0,0,0,0,0
759,2015-07-07,2015,7,7,3,28,2,Tuesday,July,0,0,0,0,0,0,0
760,2015-07-08,2015,7,8,3,28,3,Wednesday,July,0,0,0,0,0,0,0
761,2015-07-09,2015,7,9,3,28,4,Thursday,July,0,0,0,0,0,0,0
762,2015-07-10,2015,7,10,3,28,5,Friday,July,0,0,0,0,0,0,0
763,2015-07-11,2015,7,11,3,28,6,Saturday,July,1,0,0,0,0,0,0
764,2015-07-12,2015,7,12,3,28,7,Sunday,July,1,0,0,0,0,0,0
765,2015-07-13,2015,7,13,3,29,1,Monday,July,0,0,0,0,0,0,0
766,2015-07-14,2015,7,14,3,29,2,Tuesday,July,0,0,0,0,0,0,0
767,2015-07-15,2015,7,15,3,29,3,Wednesday,July,0,0,0,0,0,0,0
768,2015-07-16,2015,7,16,3,29,4,Thursday,July,0,0,0,0,0,0,0
769,2015-07-17,2015,7,17,3,29,5,Friday,July,0,0,0,0,0,0,0
770,2015-07-18,2015,7,18,3,29,6,Saturday,July,1,0,0,0,0,0,0
771,2015-07-19,2015,7,19,3,29,7,Sunday,July,1,0,0,0,0,0,0
772,2015-07-20,2015,7,20,3,30,1,Monday,July,0,0,0,0,0,0,0
773,2015-07-21,2015,7,21,3,30,2,Tuesday,July,0,0,0,0,0,0,0
774,2015-07-22,2015,7,22,3,30,3,Wednesday,July,0,0,0,0,0,0,0
775,2015-07-23,2015,7,23,3,30,4,Thursday,July,0,0,0,0,0,0,0
776,2015-07-24,2015,7,24,3,30,5,Friday,July,0,0,0,0,0,0,0
777,2015-07-25,2015,7,25,3,30,6,Saturday,July,1,0,0,0,0,0,0
778,2015-07-26,2015,7,26,3,30,7,Sunday,July,1,0,0,0,0,0,0
779,2015-07-27,2015,7,27,3,31,1,Monday,July,0,0,0,0,0,0,0
780,2015-07-28,2015,7,28,3,31,2,Tuesday,July,0,0,0,0,0,0,0
781,2015-07-29,2015,7,29,3,31,3,Wednesday,July,0,0,0,0,0,0,0
782,2015-07-30,2015,7,30,3,31,4,Thursday,July,0,0,0,0,0,0,0
783,2015-07-31,2015,7,31,3,31,5,Friday,July,0,0,1,0,0,0,0
